source,target,weight
C1QA,C1QB,0.7314056263981453
C1QA,C1QC,0.7289525491502017
C1QB,C1QC,0.7694404573350759
CTSS,FCER1G,0.6106111159670543
CTSS,S100A9,0.6628238656912294
DNASE1L3,FCN3,0.7260621658380129
DNASE1L3,IGFBP7,0.6372437409925042
DNASE1L3,STAB1,0.6579408020588192
FCER1G,S100A9,0.6041302191453989
FCN3,IGFBP7,0.6022512013494901
FCN3,STAB1,0.6368922576842688
GPX1,S100A9,0.6229196302669695
S100A4,S100A6,0.723127353892067
S100A4,SH3BGRL3,0.6415264216667627
