SNP,Gene,r
rs4,CLU,0.6168151109512796
rs5,BIN1,0.5935369450495716
rs2,APOE,0.5191451041260335
rs1,TP53,0.5181249094260184
